OrderID,CustomerID,ProductID,OrderDate,Quantity
1,35,2,2025-07-04,3
2,90,49,2025-11-13,3
3,45,1,2025-07-05,2
4,73,43,2026-02-15,1
5,19,48,2025-02-01,1
6,96,34,2025-08-09,4
7,54,30,2025-12-16,2
8,48,20,2025-11-29,5
9,77,6,2025-02-23,2
10,21,49,2025-02-20,1
11,35,29,2026-03-11,4
12,78,29,2026-03-01,3
13,28,49,2026-06-09,1
14,45,28,2025-04-24,3
15,87,44,2026-05-14,5
16,86,20,2025-02-16,2
17,51,39,2025-02-26,1
18,27,20,2025-08-05,2
19,98,17,2025-10-24,3
20,16,1,2026-05-25,4
21,23,9,2026-01-25,5
22,91,15,2026-05-28,5
23,86,23,2025-03-15,4
24,95,3,2026-03-23,1
25,59,5,2025-11-17,5
26,55,37,2026-02-19,4
27,38,8,2026-02-19,1
28,42,11,2026-04-17,3
29,12,28,2025-04-19,2
30,56,38,2026-02-15,5
31,11,26,2025-11-14,3
32,29,22,2025-06-22,1
33,66,41,2025-04-27,5
34,66,13,2025-12-24,3
35,94,42,2025-06-01,2
36,14,10,2025-09-20,2
37,23,39,2025-06-06,1
38,23,50,2026-05-21,4
39,97,37,2026-04-05,5
40,83,41,2025-11-27,3
41,20,29,2025-03-11,4
42,57,41,2025-11-07,3
43,76,4,2025-12-27,5
44,10,20,2026-04-18,4
45,5,4,2026-01-13,3
46,10,42,2025-04-03,5
47,77,33,2026-01-29,4
48,75,36,2025-02-12,4
49,74,42,2025-07-12,3
50,78,31,2026-05-29,2
51,8,29,2025-04-16,3
52,92,6,2026-06-01,2
53,6,16,2026-03-25,4
54,68,34,2025-06-12,3
55,48,19,2026-02-01,4
56,100,22,2025-02-23,3
57,9,22,2025-04-07,5
58,87,25,2025-10-18,3
59,93,43,2025-06-03,3
60,11,38,2025-05-25,3
61,40,42,2026-02-06,2
62,77,46,2025-03-28,3
63,72,25,2025-12-03,2
64,86,45,2026-06-24,1
65,83,43,2026-03-10,5
66,47,2,2026-01-07,3
67,24,14,2025-12-16,4
68,25,15,2025-05-21,2
69,10,19,2025-04-14,5
70,99,35,2026-06-24,1
71,85,22,2025-05-15,5
72,49,10,2025-06-16,2
73,89,50,2025-06-19,4
74,6,27,2026-01-09,2
75,57,40,2025-10-19,4
76,30,35,2025-09-02,3
77,61,13,2026-01-12,5
78,57,30,2025-10-16,4
79,65,34,2026-03-05,2
80,26,39,2025-05-22,3
81,7,42,2026-05-08,3
82,71,7,2026-06-13,1
83,37,6,2025-06-14,3
84,58,33,2025-05-31,4
85,12,15,2026-04-07,3
86,4,27,2025-02-24,4
87,65,24,2025-08-30,4
88,11,24,2025-08-18,1
89,41,7,2025-12-10,2
90,18,3,2025-10-21,4
91,90,9,2026-04-26,4
92,79,1,2025-03-23,1
93,33,14,2025-06-03,5
94,94,39,2026-06-25,4
95,15,50,2025-10-23,2
96,39,8,2025-02-18,2
97,54,41,2026-04-14,1
98,15,32,2025-01-17,5
99,74,16,2025-05-28,3
100,55,1,2025-12-28,2
101,74,27,2025-07-11,1
102,68,24,2025-03-11,5
103,70,33,2026-06-04,5
104,3,25,2026-04-27,1
105,82,25,2026-01-18,3
106,96,2,2026-01-01,1
107,45,16,2025-04-17,5
108,95,49,2025-12-07,2
109,6,23,2025-12-13,2
110,100,44,2026-04-21,4
111,81,12,2025-05-19,1
112,92,50,2026-04-14,1
113,38,13,2025-02-14,2
114,6,21,2025-11-14,5
115,51,35,2026-04-30,3
116,5,49,2025-07-15,3
117,46,50,2025-02-18,3
118,35,8,2026-01-12,4
119,52,48,2026-03-27,4
120,44,12,2026-05-24,4
121,48,34,2025-10-01,1
122,94,28,2025-03-22,4
123,78,12,2025-10-28,3
124,14,6,2025-12-02,3
125,40,29,2026-03-13,2
126,89,29,2025-12-26,4
127,6,47,2025-12-28,5
128,56,18,2025-02-28,1
129,86,41,2026-02-20,3
130,66,48,2025-06-13,1
131,19,39,2026-03-25,1
132,17,5,2025-08-30,3
133,47,25,2025-02-03,5
134,20,44,2026-04-06,3
135,48,29,2025-03-20,5
136,18,34,2026-01-11,4
137,41,42,2025-10-13,2
138,15,2,2025-07-10,4
139,67,25,2025-05-01,3
140,100,17,2026-04-02,2
141,79,19,2026-05-18,2
142,16,9,2025-03-17,4
143,23,46,2026-04-01,1
144,88,21,2025-12-22,1
145,71,35,2025-10-25,3
146,21,46,2025-06-28,3
147,66,15,2025-05-05,2
148,18,16,2026-05-21,1
149,47,36,2026-01-13,4
150,71,9,2025-03-30,1
151,40,26,2026-05-06,5
152,53,50,2026-02-24,5
153,10,9,2025-11-21,1
154,58,30,2026-06-14,3
155,17,50,2025-07-06,2
156,56,33,2025-02-26,1
157,67,10,2025-11-08,2
158,21,21,2025-08-19,3
159,67,19,2025-03-22,3
160,26,41,2025-10-09,2
161,81,20,2025-04-06,5
162,83,11,2025-06-07,2
163,85,40,2025-12-12,5
164,6,2,2025-03-25,1
165,83,50,2025-09-29,2
166,99,37,2026-03-03,5
167,82,2,2026-05-25,5
168,38,42,2025-11-06,4
169,32,44,2026-02-20,3
170,59,5,2025-03-03,2
171,57,27,2026-05-11,4
172,27,22,2025-05-28,3
173,92,21,2025-12-20,4
174,17,49,2026-01-15,5
175,72,7,2025-11-23,2
176,60,8,2025-10-01,4
177,32,10,2025-04-10,1
178,38,25,2026-03-05,2
179,21,21,2025-11-17,2
180,98,11,2026-05-26,5
181,60,32,2025-11-12,4
182,3,6,2026-02-07,5
183,59,16,2025-08-09,5
184,46,4,2025-02-21,3
185,64,39,2026-04-27,3
186,69,1,2025-04-21,4
187,18,17,2026-01-10,4
188,47,3,2026-02-15,1
189,73,36,2025-07-19,3
190,71,19,2025-03-17,4
191,65,29,2025-10-14,5
192,88,40,2025-05-02,2
193,13,26,2026-01-18,3
194,72,24,2025-05-28,2
195,78,33,2026-02-16,5
196,6,3,2025-02-09,2
197,92,22,2026-05-01,5
198,59,10,2026-06-12,2
199,42,40,2025-11-23,2
200,51,40,2025-11-03,5
201,44,33,2026-06-06,5
202,63,46,2025-11-03,4
203,3,24,2025-12-06,1
204,54,38,2025-11-12,1
205,77,31,2025-09-29,5
206,74,15,2025-02-22,5
207,62,11,2026-06-21,5
208,100,25,2025-06-01,2
209,5,37,2025-04-23,2
210,3,29,2025-11-18,4
211,20,27,2025-07-28,4
212,65,50,2026-04-28,1
213,91,9,2026-06-16,2
214,72,21,2026-05-05,5
215,49,21,2025-06-27,4
216,69,22,2025-12-29,3
217,79,31,2025-07-16,2
218,36,36,2025-11-02,2
219,39,50,2025-10-23,2
220,89,46,2026-05-16,3
221,62,23,2025-10-08,3
222,16,37,2026-01-24,4
223,45,50,2025-05-30,3
224,6,19,2025-03-22,3
225,57,42,2025-09-20,4
226,28,13,2025-10-05,5
227,90,18,2025-05-21,1
228,79,48,2025-09-03,2
229,7,43,2025-08-20,2
230,7,7,2026-02-28,3
231,92,31,2025-04-13,2
232,1,36,2025-06-11,4
233,84,31,2026-05-04,2
234,97,19,2025-11-25,3
235,83,4,2025-04-02,5
236,30,35,2025-02-08,2
237,54,12,2025-02-07,4
238,64,12,2025-10-24,1
239,2,20,2025-04-20,3
240,37,30,2026-06-21,4
241,18,33,2026-04-25,3
242,25,8,2025-12-05,2
243,94,30,2025-09-21,2
244,2,48,2025-12-12,3
245,73,44,2025-07-17,2
246,79,41,2026-02-20,4
247,66,21,2025-03-30,4
248,86,7,2025-07-09,2
249,62,21,2025-09-12,1
250,34,25,2025-08-30,4
251,97,18,2025-12-04,3
252,75,47,2025-01-12,3
253,84,24,2025-08-30,1
254,86,8,2026-04-22,3
255,21,26,2026-05-30,3
256,89,8,2025-10-30,3
257,79,15,2025-08-13,2
258,62,10,2026-04-11,5
259,48,27,2026-04-28,5
260,86,14,2025-09-11,5
261,11,34,2026-04-03,5
262,91,24,2025-03-21,5
263,15,4,2026-06-02,2
264,74,35,2025-06-03,2
265,42,34,2026-03-29,1
266,88,14,2026-05-16,1
267,66,29,2025-02-26,4
268,17,33,2026-03-02,4
269,73,4,2026-04-19,3
270,93,2,2026-02-10,3
271,1,48,2025-08-12,5
272,10,3,2026-03-10,3
273,90,5,2025-03-03,1
274,61,3,2025-10-21,4
275,24,50,2025-05-19,4
276,48,25,2026-04-05,4
277,49,6,2025-05-17,3
278,16,12,2026-02-07,5
279,17,47,2025-08-17,1
280,97,2,2025-11-02,4
281,87,47,2026-03-11,5
282,49,15,2025-09-11,4
283,45,10,2025-10-10,2
284,93,49,2025-04-26,1
285,85,27,2025-01-17,2
286,27,5,2025-04-14,5
287,5,29,2025-02-19,2
288,95,3,2026-02-16,4
289,30,35,2025-08-11,1
290,18,33,2025-10-24,2
291,94,37,2025-11-23,5
292,77,50,2025-11-25,2
293,39,10,2026-06-18,2
294,53,20,2025-10-09,1
295,72,38,2025-06-29,4
296,72,32,2025-02-18,3
297,83,43,2026-01-26,5
298,41,45,2026-03-03,4
299,20,20,2026-01-21,2
300,97,35,2026-04-30,2
301,29,20,2025-05-28,4
302,8,36,2026-02-27,4
303,72,34,2025-05-18,4
304,32,17,2025-07-28,3
305,83,6,2026-04-06,3
306,12,35,2025-07-15,1
307,35,25,2025-02-10,1
308,25,49,2025-08-11,4
309,27,22,2025-11-07,1
310,28,13,2025-05-01,4
311,32,45,2025-07-29,4
312,31,36,2025-11-26,3
313,49,30,2026-01-03,3
314,34,24,2026-06-10,4
315,60,7,2026-04-26,3
316,27,24,2025-11-17,4
317,6,37,2025-08-15,2
318,3,17,2026-03-04,3
319,20,13,2025-12-04,2
320,49,37,2025-09-09,4
321,71,42,2025-12-12,3
322,98,32,2026-05-18,4
323,22,47,2025-12-27,2
324,18,47,2026-05-16,2
325,70,42,2025-03-02,5
326,5,5,2025-02-19,1
327,53,9,2025-08-25,1
328,91,10,2025-01-10,2
329,65,30,2026-01-18,1
330,80,41,2026-05-10,4
331,3,1,2026-02-26,1
332,3,34,2025-10-09,5
333,37,2,2026-05-30,4
334,23,7,2025-04-09,5
335,20,16,2025-07-16,5
336,68,17,2025-12-29,3
337,51,6,2026-01-18,4
338,59,37,2025-09-07,2
339,39,44,2025-03-24,1
340,12,26,2026-01-24,4
341,71,31,2025-02-27,1
342,90,11,2025-03-26,4
343,56,42,2025-12-06,5
344,13,34,2025-02-13,2
345,28,45,2026-05-02,3
346,6,5,2025-10-15,5
347,73,43,2025-02-03,2
348,41,2,2025-08-01,5
349,19,49,2026-02-12,1
350,39,11,2025-09-04,5
351,50,44,2025-12-06,4
352,97,48,2025-05-24,1
353,65,48,2025-12-21,1
354,13,28,2025-08-26,1
355,44,39,2026-02-11,3
356,4,41,2025-10-07,4
357,63,15,2025-12-31,5
358,49,28,2025-07-10,5
359,85,25,2025-03-29,5
360,38,16,2025-03-17,1
361,35,10,2026-01-25,2
362,95,25,2025-11-21,3
363,14,6,2025-01-06,3
364,57,24,2025-10-04,1
365,17,6,2025-07-11,4
366,58,36,2026-06-09,4
367,14,2,2025-04-02,3
368,71,6,2025-11-29,4
369,2,19,2026-02-28,4
370,100,6,2025-09-06,5
371,67,11,2026-01-25,2
372,18,18,2025-11-05,3
373,64,10,2025-03-06,2
374,56,18,2026-03-08,3
375,62,5,2026-01-05,3
376,32,47,2026-05-23,5
377,79,13,2026-04-14,1
378,18,20,2025-01-07,4
379,43,40,2026-01-25,3
380,57,22,2026-03-17,5
381,18,20,2025-11-25,5
382,89,13,2026-05-06,3
383,23,26,2025-11-23,3
384,95,45,2026-05-18,5
385,32,21,2026-01-21,3
386,51,24,2025-04-27,5
387,26,38,2025-07-04,5
388,4,47,2026-04-18,2
389,57,19,2025-03-12,4
390,87,32,2025-05-23,3
391,31,17,2025-06-07,4
392,49,5,2026-04-05,5
393,62,38,2026-02-15,5
394,65,45,2026-03-05,5
395,5,24,2025-03-29,1
396,99,16,2025-12-30,2
397,83,40,2025-02-15,5
398,83,44,2026-02-14,3
399,56,7,2025-01-11,1
400,34,15,2026-06-07,5
401,72,38,2025-08-15,4
402,48,26,2026-04-20,5
403,89,33,2025-06-04,3
404,4,31,2025-04-18,3
405,54,6,2025-04-29,2
406,45,20,2025-12-18,4
407,27,34,2026-05-10,3
408,61,7,2026-03-25,4
409,41,5,2025-11-04,1
410,91,8,2025-01-24,3
411,83,7,2025-06-18,2
412,67,12,2025-06-13,3
413,72,28,2026-04-19,2
414,52,41,2025-07-08,2
415,82,43,2026-03-19,4
416,4,48,2025-07-22,4
417,76,28,2026-02-03,1
418,91,14,2025-07-30,3
419,97,46,2025-03-06,5
420,14,35,2025-07-11,3
421,42,13,2026-04-14,1
422,34,43,2026-05-17,5
423,82,21,2026-02-02,5
424,51,38,2025-04-27,3
425,46,30,2025-06-26,3
426,79,38,2025-03-28,2
427,41,8,2025-09-02,3
428,15,12,2026-01-18,2
429,66,25,2026-03-05,5
430,18,37,2026-01-28,4
431,24,32,2025-06-27,5
432,22,32,2025-10-23,2
433,24,21,2026-04-07,5
434,7,23,2025-01-10,4
435,18,13,2026-01-29,5
436,65,42,2026-05-22,4
437,88,32,2026-03-02,4
438,63,11,2025-03-26,5
439,4,49,2025-08-14,3
440,5,18,2025-08-19,5
441,37,11,2026-04-14,5
442,96,50,2026-05-23,5
443,66,8,2025-04-27,3
444,100,35,2026-01-11,5
445,97,3,2026-03-28,5
446,28,28,2025-04-15,2
447,39,3,2026-04-06,3
448,45,6,2026-03-26,1
449,100,16,2025-08-03,5
450,89,23,2026-03-15,2
451,79,9,2025-07-31,2
452,8,37,2025-12-26,5
453,36,39,2025-06-22,3
454,91,19,2025-10-24,5
455,35,33,2025-04-08,2
456,97,27,2025-03-02,3
457,84,9,2025-05-16,2
458,19,46,2025-11-26,2
459,98,44,2026-02-07,4
460,19,37,2025-10-03,4
461,49,29,2025-03-19,1
462,52,33,2025-10-12,3
463,59,32,2025-12-02,5
464,1,50,2025-04-06,4
465,82,43,2026-01-02,1
466,69,26,2025-08-12,4
467,28,32,2025-10-02,3
468,37,22,2025-05-14,5
469,63,22,2025-02-19,1
470,13,41,2026-04-16,1
471,16,11,2026-03-28,4
472,1,28,2025-07-27,2
473,84,20,2025-06-12,3
474,12,42,2026-01-05,3
475,11,24,2025-06-19,1
476,51,41,2025-11-09,2
477,55,42,2025-04-04,1
478,1,14,2026-05-04,1
479,17,38,2025-08-20,5
480,88,29,2025-01-10,1
481,90,22,2025-05-04,4
482,89,9,2026-05-05,1
483,30,25,2025-04-02,1
484,14,21,2026-01-12,3
485,18,25,2025-05-17,2
486,9,34,2025-01-09,5
487,84,11,2026-03-27,3
488,93,14,2025-06-05,4
489,79,44,2026-03-30,2
490,12,7,2025-05-24,1
491,76,47,2026-01-29,3
492,55,21,2025-05-24,2
493,36,42,2025-03-28,2
494,71,39,2025-10-19,1
495,85,20,2025-07-30,5
496,78,33,2025-07-13,4
497,38,42,2025-02-25,2
498,64,25,2025-04-26,2
499,64,41,2025-03-14,5
500,2,24,2025-11-21,2
